{"count":1,"self":3120.8914944,"total":22729.832215299997,"children":{"InitializeActuators":{"count":1,"self":0.0020033,"total":0.0020033,"children":null},"InitializeSensors":{"count":1,"self":0,"total":0,"children":null},"AgentSendState":{"count":3850835,"self":3009.0713087999998,"total":7124.4603352999993,"children":{"CollectObservations":{"count":1925418,"self":11.7894112,"total":11.7894115,"children":null},"WriteActionMask":{"count":1925418,"self":4.471254,"total":4.4712540999999995,"children":null},"RequestDecision":{"count":1925418,"self":17.361201599999998,"total":4099.1282964,"children":{"AgentInfo.ToProto":{"count":1925418,"self":17.1921248,"total":4081.7670948,"children":{"GenerateSensorData":{"count":1925418,"self":210.51289599999998,"total":4064.5749693,"children":{"CameraSensor.WriteToTensor":{"count":1925418,"self":3854.0619776,"total":3854.0620713999997,"children":null}}}}}}}}},"DecideAction":{"count":3850835,"self":12421.500108799999,"total":12421.5004066,"children":null},"AgentAct":{"count":3850835,"self":61.2952448,"total":62.9354777,"children":{"AgentInfo.ToProto":{"count":760,"self":0.0113346,"total":1.640232,"children":{"GenerateSensorData":{"count":760,"self":0.091438999999999993,"total":1.6288973999999998,"children":{"CameraSensor.WriteToTensor":{"count":760,"self":1.5374584,"total":1.5374584,"children":null}}}}}}},"AgentInfo.ToProto":{"count":21,"self":0,"total":0.041515199999999995,"children":{"GenerateSensorData":{"count":21,"self":0.00051689999999999993,"total":0.041515199999999995,"children":{"CameraSensor.WriteToTensor":{"count":21,"self":0.0409983,"total":0.0409983,"children":null}}}}}},"gauges":{"AgentController.CumulativeReward":{"count":781,"max":0.651002765,"min":-2.66990471,"runningAverage":-2.45278144,"value":-2.49991,"weightedAverage":-2.49991035}},"metadata":{"timer_format_version":"0.1.0","start_time_seconds":"1771196725","unity_version":"6000.2.12f1","command_line_arguments":"C:\\Program Files\\Unity\\Hub\\Editor\\6000.2.12f1\\Editor\\Unity.exe -projectPath C:\\Users\\Kamil\\VirtualRobotics-Unity\\VirtualRobotics -debugCodeOptimization","communication_protocol_version":"1.5.0","com.unity.ml-agents_version":"4.0.0","scene_name":"GameScene","end_time_seconds":"1771219455"}}